period,year,quarter,county,chargers,zev_sales
2020-Q2,2020,2,Alameda,2990,1101
2020-Q2,2020,2,Alpine,12,0
2020-Q2,2020,2,Amador,29,5
2020-Q2,2020,2,Butte,74,30
2020-Q2,2020,2,Calaveras,7,6
2020-Q2,2020,2,Colusa,28,2
2020-Q2,2020,2,Contra Costa,1068,668
2020-Q2,2020,2,Del Norte,30,0
2020-Q2,2020,2,El Dorado,150,73
2020-Q2,2020,2,Fresno,684,142
2020-Q2,2020,2,Glenn,14,1
2020-Q2,2020,2,Humboldt,105,22
2020-Q2,2020,2,Imperial,15,10
2020-Q2,2020,2,Inyo,23,3
2020-Q2,2020,2,Kern,241,85
2020-Q2,2020,2,Kings,122,15
2020-Q2,2020,2,Lake,10,6
2020-Q2,2020,2,Lassen,4,1
2020-Q2,2020,2,Los Angeles,16770,4729
2020-Q2,2020,2,Madera,84,19
2020-Q2,2020,2,Marin,629,278
2020-Q2,2020,2,Mariposa,16,1
2020-Q2,2020,2,Mendocino,110,19
2020-Q2,2020,2,Merced,94,18
2020-Q2,2020,2,Modoc,4,0
2020-Q2,2020,2,Mono,31,4
2020-Q2,2020,2,Monterey,348,84
2020-Q2,2020,2,Napa,316,53
2020-Q2,2020,2,Nevada,86,22
2020-Q2,2020,2,Orange,4799,2173
2020-Q2,2020,2,Placer,305,155
2020-Q2,2020,2,Plumas,5,2
2020-Q2,2020,2,Riverside,1306,603
2020-Q2,2020,2,Sacramento,1438,412
2020-Q2,2020,2,San Benito,44,13
2020-Q2,2020,2,San Bernardino,999,467
2020-Q2,2020,2,San Diego,6073,1235
2020-Q2,2020,2,San Francisco,1264,533
2020-Q2,2020,2,San Joaquin,306,147
2020-Q2,2020,2,San Luis Obispo,442,90
2020-Q2,2020,2,San Mateo,3617,626
2020-Q2,2020,2,Santa Barbara,437,168
2020-Q2,2020,2,Santa Clara,14164,1669
2020-Q2,2020,2,Santa Cruz,250,122
2020-Q2,2020,2,Shasta,57,24
2020-Q2,2020,2,Sierra,1,1
2020-Q2,2020,2,Siskiyou,55,3
2020-Q2,2020,2,Solano,369,123
2020-Q2,2020,2,Sonoma,670,189
2020-Q2,2020,2,Stanislaus,122,65
2020-Q2,2020,2,Sutter,20,15
2020-Q2,2020,2,Tehama,32,4
2020-Q2,2020,2,Trinity,4,1
2020-Q2,2020,2,Tulare,76,27
2020-Q2,2020,2,Tuolumne,45,4
2020-Q2,2020,2,Ventura,749,343
2020-Q2,2020,2,Yolo,264,74
2020-Q2,2020,2,Yuba,14,1
2020-Q3,2020,3,Alameda,3082,1635
2020-Q3,2020,3,Alpine,13,0
2020-Q3,2020,3,Amador,30,9
2020-Q3,2020,3,Butte,76,40
2020-Q3,2020,3,Calaveras,7,13
2020-Q3,2020,3,Colusa,28,0
2020-Q3,2020,3,Contra Costa,1325,1000
2020-Q3,2020,3,Del Norte,30,4
2020-Q3,2020,3,El Dorado,160,115
2020-Q3,2020,3,Fresno,779,263
2020-Q3,2020,3,Glenn,14,6
2020-Q3,2020,3,Humboldt,114,26
2020-Q3,2020,3,Imperial,27,11
2020-Q3,2020,3,Inyo,23,6
2020-Q3,2020,3,Kern,279,138
2020-Q3,2020,3,Kings,140,22
2020-Q3,2020,3,Lake,15,13
2020-Q3,2020,3,Lassen,5,0
2020-Q3,2020,3,Los Angeles,18509,7213
2020-Q3,2020,3,Madera,89,13
2020-Q3,2020,3,Marin,684,456
2020-Q3,2020,3,Mariposa,16,2
2020-Q3,2020,3,Mendocino,129,26
2020-Q3,2020,3,Merced,114,48
2020-Q3,2020,3,Modoc,4,0
2020-Q3,2020,3,Mono,31,8
2020-Q3,2020,3,Monterey,360,134
2020-Q3,2020,3,Napa,348,106
2020-Q3,2020,3,Nevada,88,65
2020-Q3,2020,3,Orange,4886,3835
2020-Q3,2020,3,Placer,339,297
2020-Q3,2020,3,Plumas,5,2
2020-Q3,2020,3,Riverside,1360,978
2020-Q3,2020,3,Sacramento,1765,717
2020-Q3,2020,3,San Benito,42,28
2020-Q3,2020,3,San Bernardino,1297,740
2020-Q3,2020,3,San Diego,6760,2373
2020-Q3,2020,3,San Francisco,1384,1072
2020-Q3,2020,3,San Joaquin,326,254
2020-Q3,2020,3,San Luis Obispo,486,143
2020-Q3,2020,3,San Mateo,3758,977
2020-Q3,2020,3,Santa Barbara,461,264
2020-Q3,2020,3,Santa Clara,14913,2455
2020-Q3,2020,3,Santa Cruz,262,168
2020-Q3,2020,3,Shasta,94,31
2020-Q3,2020,3,Sierra,1,1
2020-Q3,2020,3,Siskiyou,63,4
2020-Q3,2020,3,Solano,362,188
2020-Q3,2020,3,Sonoma,695,348
2020-Q3,2020,3,Stanislaus,145,115
2020-Q3,2020,3,Sutter,23,16
2020-Q3,2020,3,Tehama,32,8
2020-Q3,2020,3,Trinity,8,2
2020-Q3,2020,3,Tulare,85,58
2020-Q3,2020,3,Tuolumne,47,9
2020-Q3,2020,3,Ventura,868,576
2020-Q3,2020,3,Yolo,328,105
2020-Q3,2020,3,Yuba,16,13
2020-Q4,2020,4,Alameda,3353,2176
2020-Q4,2020,4,Alpine,15,1
2020-Q4,2020,4,Amador,40,8
2020-Q4,2020,4,Butte,76,63
2020-Q4,2020,4,Calaveras,7,10
2020-Q4,2020,4,Colusa,28,1
2020-Q4,2020,4,Contra Costa,1355,1457
2020-Q4,2020,4,Del Norte,30,2
2020-Q4,2020,4,El Dorado,173,144
2020-Q4,2020,4,Fresno,921,338
2020-Q4,2020,4,Glenn,14,9
2020-Q4,2020,4,Humboldt,112,33
2020-Q4,2020,4,Imperial,27,16
2020-Q4,2020,4,Inyo,37,8
2020-Q4,2020,4,Kern,279,203
2020-Q4,2020,4,Kings,144,21
2020-Q4,2020,4,Lake,15,6
2020-Q4,2020,4,Lassen,5,2
2020-Q4,2020,4,Los Angeles,19236,10037
2020-Q4,2020,4,Madera,113,34
2020-Q4,2020,4,Marin,706,606
2020-Q4,2020,4,Mariposa,16,3
2020-Q4,2020,4,Mendocino,144,29
2020-Q4,2020,4,Merced,130,42
2020-Q4,2020,4,Modoc,4,0
2020-Q4,2020,4,Mono,32,6
2020-Q4,2020,4,Monterey,422,201
2020-Q4,2020,4,Napa,374,132
2020-Q4,2020,4,Nevada,93,90
2020-Q4,2020,4,Orange,5242,5034
2020-Q4,2020,4,Placer,351,437
2020-Q4,2020,4,Plumas,7,4
2020-Q4,2020,4,Riverside,1464,1427
2020-Q4,2020,4,Sacramento,1777,851
2020-Q4,2020,4,San Benito,50,47
2020-Q4,2020,4,San Bernardino,1338,1076
2020-Q4,2020,4,San Diego,6874,3276
2020-Q4,2020,4,San Francisco,1505,1425
2020-Q4,2020,4,San Joaquin,389,394
2020-Q4,2020,4,San Luis Obispo,493,228
2020-Q4,2020,4,San Mateo,4070,1282
2020-Q4,2020,4,Santa Barbara,494,392
2020-Q4,2020,4,Santa Clara,15406,3086
2020-Q4,2020,4,Santa Cruz,281,226
2020-Q4,2020,4,Shasta,96,52
2020-Q4,2020,4,Sierra,1,0
2020-Q4,2020,4,Siskiyou,63,5
2020-Q4,2020,4,Solano,372,242
2020-Q4,2020,4,Sonoma,743,421
2020-Q4,2020,4,Stanislaus,145,161
2020-Q4,2020,4,Sutter,31,22
2020-Q4,2020,4,Tehama,32,9
2020-Q4,2020,4,Trinity,8,3
2020-Q4,2020,4,Tulare,103,71
2020-Q4,2020,4,Tuolumne,47,12
2020-Q4,2020,4,Ventura,845,753
2020-Q4,2020,4,Yolo,324,126
2020-Q4,2020,4,Yuba,16,22
2021-Q1,2021,1,Alameda,3544,2751
2021-Q1,2021,1,Alpine,15,3
2021-Q1,2021,1,Amador,40,9
2021-Q1,2021,1,Butte,82,65
2021-Q1,2021,1,Calaveras,19,21
2021-Q1,2021,1,Colusa,28,4
2021-Q1,2021,1,Contra Costa,1455,1647
2021-Q1,2021,1,Del Norte,25,2
2021-Q1,2021,1,El Dorado,167,164
2021-Q1,2021,1,Fresno,1092,392
2021-Q1,2021,1,Glenn,14,7
2021-Q1,2021,1,Humboldt,124,49
2021-Q1,2021,1,Imperial,33,24
2021-Q1,2021,1,Inyo,35,6
2021-Q1,2021,1,Kern,298,267
2021-Q1,2021,1,Kings,147,35
2021-Q1,2021,1,Lake,15,10
2021-Q1,2021,1,Lassen,6,1
2021-Q1,2021,1,Los Angeles,19872,11801
2021-Q1,2021,1,Madera,121,43
2021-Q1,2021,1,Marin,728,719
2021-Q1,2021,1,Mariposa,16,6
2021-Q1,2021,1,Mendocino,146,31
2021-Q1,2021,1,Merced,138,69
2021-Q1,2021,1,Modoc,4,0
2021-Q1,2021,1,Mono,32,5
2021-Q1,2021,1,Monterey,424,219
2021-Q1,2021,1,Napa,386,196
2021-Q1,2021,1,Nevada,88,74
2021-Q1,2021,1,Orange,5381,5758
2021-Q1,2021,1,Placer,361,465
2021-Q1,2021,1,Plumas,7,1
2021-Q1,2021,1,Riverside,1422,1743
2021-Q1,2021,1,Sacramento,1850,1163
2021-Q1,2021,1,San Benito,47,37
2021-Q1,2021,1,San Bernardino,1395,1318
2021-Q1,2021,1,San Diego,7170,3784
2021-Q1,2021,1,San Francisco,1609,1418
2021-Q1,2021,1,San Joaquin,397,451
2021-Q1,2021,1,San Luis Obispo,493,255
2021-Q1,2021,1,San Mateo,4282,1539
2021-Q1,2021,1,Santa Barbara,499,384
2021-Q1,2021,1,Santa Clara,16119,3850
2021-Q1,2021,1,Santa Cruz,302,298
2021-Q1,2021,1,Shasta,93,69
2021-Q1,2021,1,Sierra,1,0
2021-Q1,2021,1,Siskiyou,56,3
2021-Q1,2021,1,Solano,394,385
2021-Q1,2021,1,Sonoma,789,541
2021-Q1,2021,1,Stanislaus,151,177
2021-Q1,2021,1,Sutter,31,39
2021-Q1,2021,1,Tehama,31,11
2021-Q1,2021,1,Trinity,6,1
2021-Q1,2021,1,Tulare,108,109
2021-Q1,2021,1,Tuolumne,50,13
2021-Q1,2021,1,Ventura,892,937
2021-Q1,2021,1,Yolo,386,166
2021-Q1,2021,1,Yuba,16,16
2021-Q2,2021,2,Alameda,3560,3246
2021-Q2,2021,2,Alpine,15,2
2021-Q2,2021,2,Amador,40,13
2021-Q2,2021,2,Butte,91,87
2021-Q2,2021,2,Calaveras,19,16
2021-Q2,2021,2,Colusa,30,2
2021-Q2,2021,2,Contra Costa,1461,2086
2021-Q2,2021,2,Del Norte,25,2
2021-Q2,2021,2,El Dorado,177,199
2021-Q2,2021,2,Fresno,1127,582
2021-Q2,2021,2,Glenn,14,3
2021-Q2,2021,2,Humboldt,134,65
2021-Q2,2021,2,Imperial,33,59
2021-Q2,2021,2,Inyo,39,11
2021-Q2,2021,2,Kern,306,425
2021-Q2,2021,2,Kings,147,49
2021-Q2,2021,2,Lake,17,28
2021-Q2,2021,2,Lassen,6,1
2021-Q2,2021,2,Los Angeles,20193,15645
2021-Q2,2021,2,Madera,121,66
2021-Q2,2021,2,Marin,730,763
2021-Q2,2021,2,Mariposa,16,6
2021-Q2,2021,2,Mendocino,158,56
2021-Q2,2021,2,Merced,142,115
2021-Q2,2021,2,Modoc,12,0
2021-Q2,2021,2,Mono,32,10
2021-Q2,2021,2,Monterey,431,334
2021-Q2,2021,2,Napa,388,200
2021-Q2,2021,2,Nevada,88,89
2021-Q2,2021,2,Orange,5477,7288
2021-Q2,2021,2,Placer,365,569
2021-Q2,2021,2,Plumas,7,5
2021-Q2,2021,2,Riverside,1441,2537
2021-Q2,2021,2,Sacramento,1852,1460
2021-Q2,2021,2,San Benito,47,65
2021-Q2,2021,2,San Bernardino,1415,1958
2021-Q2,2021,2,San Diego,7199,4497
2021-Q2,2021,2,San Francisco,1671,1579
2021-Q2,2021,2,San Joaquin,402,697
2021-Q2,2021,2,San Luis Obispo,513,352
2021-Q2,2021,2,San Mateo,4459,1714
2021-Q2,2021,2,Santa Barbara,492,452
2021-Q2,2021,2,Santa Clara,16202,4967
2021-Q2,2021,2,Santa Cruz,300,344
2021-Q2,2021,2,Shasta,93,100
2021-Q2,2021,2,Sierra,1,0
2021-Q2,2021,2,Siskiyou,67,10
2021-Q2,2021,2,Solano,421,463
2021-Q2,2021,2,Sonoma,791,649
2021-Q2,2021,2,Stanislaus,150,266
2021-Q2,2021,2,Sutter,31,46
2021-Q2,2021,2,Tehama,30,22
2021-Q2,2021,2,Trinity,6,0
2021-Q2,2021,2,Tulare,119,146
2021-Q2,2021,2,Tuolumne,50,24
2021-Q2,2021,2,Ventura,893,1194
2021-Q2,2021,2,Yolo,386,239
2021-Q2,2021,2,Yuba,16,35
2021-Q3,2021,3,Alameda,3625,3293
2021-Q3,2021,3,Alpine,15,4
2021-Q3,2021,3,Amador,40,17
2021-Q3,2021,3,Butte,92,93
2021-Q3,2021,3,Calaveras,21,26
2021-Q3,2021,3,Colusa,34,2
2021-Q3,2021,3,Contra Costa,1483,2166
2021-Q3,2021,3,Del Norte,29,2
2021-Q3,2021,3,El Dorado,181,206
2021-Q3,2021,3,Fresno,1143,557
2021-Q3,2021,3,Glenn,14,5
2021-Q3,2021,3,Humboldt,142,54
2021-Q3,2021,3,Imperial,33,67
2021-Q3,2021,3,Inyo,39,7
2021-Q3,2021,3,Kern,359,405
2021-Q3,2021,3,Kings,148,48
2021-Q3,2021,3,Lake,17,19
2021-Q3,2021,3,Lassen,14,1
2021-Q3,2021,3,Los Angeles,20520,15086
2021-Q3,2021,3,Madera,122,55
2021-Q3,2021,3,Marin,734,789
2021-Q3,2021,3,Mariposa,30,9
2021-Q3,2021,3,Mendocino,158,42
2021-Q3,2021,3,Merced,142,106
2021-Q3,2021,3,Modoc,12,0
2021-Q3,2021,3,Mono,32,3
2021-Q3,2021,3,Monterey,425,328
2021-Q3,2021,3,Napa,390,201
2021-Q3,2021,3,Nevada,89,82
2021-Q3,2021,3,Orange,5657,7053
2021-Q3,2021,3,Placer,402,661
2021-Q3,2021,3,Plumas,7,8
2021-Q3,2021,3,Riverside,1495,2766
2021-Q3,2021,3,Sacramento,1836,1358
2021-Q3,2021,3,San Benito,49,88
2021-Q3,2021,3,San Bernardino,1478,2006
2021-Q3,2021,3,San Diego,7278,5359
2021-Q3,2021,3,San Francisco,1840,1475
2021-Q3,2021,3,San Joaquin,407,704
2021-Q3,2021,3,San Luis Obispo,513,294
2021-Q3,2021,3,San Mateo,4701,1693
2021-Q3,2021,3,Santa Barbara,522,442
2021-Q3,2021,3,Santa Clara,16498,4767
2021-Q3,2021,3,Santa Cruz,306,311
2021-Q3,2021,3,Shasta,92,86
2021-Q3,2021,3,Sierra,1,1
2021-Q3,2021,3,Siskiyou,68,9
2021-Q3,2021,3,Solano,421,491
2021-Q3,2021,3,Sonoma,803,602
2021-Q3,2021,3,Stanislaus,158,317
2021-Q3,2021,3,Sutter,33,53
2021-Q3,2021,3,Tehama,31,11
2021-Q3,2021,3,Trinity,6,3
2021-Q3,2021,3,Tulare,124,145
2021-Q3,2021,3,Tuolumne,54,22
2021-Q3,2021,3,Ventura,894,1200
2021-Q3,2021,3,Yolo,388,200
2021-Q3,2021,3,Yuba,16,22
2021-Q4,2021,4,Alameda,3697,3364
2021-Q4,2021,4,Alpine,14,0
2021-Q4,2021,4,Amador,39,22
2021-Q4,2021,4,Butte,94,70
2021-Q4,2021,4,Calaveras,21,20
2021-Q4,2021,4,Colusa,38,8
2021-Q4,2021,4,Contra Costa,1451,2156
2021-Q4,2021,4,Del Norte,29,6
2021-Q4,2021,4,El Dorado,179,224
2021-Q4,2021,4,Fresno,1133,568
2021-Q4,2021,4,Glenn,14,9
2021-Q4,2021,4,Humboldt,150,60
2021-Q4,2021,4,Imperial,31,48
2021-Q4,2021,4,Inyo,42,7
2021-Q4,2021,4,Kern,416,403
2021-Q4,2021,4,Kings,204,57
2021-Q4,2021,4,Lake,14,16
2021-Q4,2021,4,Lassen,13,1
2021-Q4,2021,4,Los Angeles,20950,16032
2021-Q4,2021,4,Madera,130,83
2021-Q4,2021,4,Marin,739,832
2021-Q4,2021,4,Mariposa,24,3
2021-Q4,2021,4,Mendocino,160,40
2021-Q4,2021,4,Merced,125,100
2021-Q4,2021,4,Modoc,12,2
2021-Q4,2021,4,Mono,32,11
2021-Q4,2021,4,Monterey,452,321
2021-Q4,2021,4,Napa,393,198
2021-Q4,2021,4,Nevada,116,82
2021-Q4,2021,4,Orange,5852,7530
2021-Q4,2021,4,Placer,419,683
2021-Q4,2021,4,Plumas,7,13
2021-Q4,2021,4,Riverside,1548,2787
2021-Q4,2021,4,Sacramento,1813,1497
2021-Q4,2021,4,San Benito,47,67
2021-Q4,2021,4,San Bernardino,1367,2072
2021-Q4,2021,4,San Diego,10080,5170
2021-Q4,2021,4,San Francisco,1630,1551
2021-Q4,2021,4,San Joaquin,442,762
2021-Q4,2021,4,San Luis Obispo,566,277
2021-Q4,2021,4,San Mateo,4511,2036
2021-Q4,2021,4,Santa Barbara,557,457
2021-Q4,2021,4,Santa Clara,15987,5455
2021-Q4,2021,4,Santa Cruz,307,335
2021-Q4,2021,4,Shasta,86,82
2021-Q4,2021,4,Sierra,1,0
2021-Q4,2021,4,Siskiyou,72,12
2021-Q4,2021,4,Solano,471,502
2021-Q4,2021,4,Sonoma,794,564
2021-Q4,2021,4,Stanislaus,151,283
2021-Q4,2021,4,Sutter,27,61
2021-Q4,2021,4,Tehama,35,16
2021-Q4,2021,4,Trinity,6,2
2021-Q4,2021,4,Tulare,123,130
2021-Q4,2021,4,Tuolumne,78,26
2021-Q4,2021,4,Ventura,894,1352
2021-Q4,2021,4,Yolo,394,224
2021-Q4,2021,4,Yuba,32,41
2022-Q1,2022,1,Alameda,5051,4133
2022-Q1,2022,1,Alpine,18,0
2022-Q1,2022,1,Amador,33,21
2022-Q1,2022,1,Butte,132,90
2022-Q1,2022,1,Calaveras,21,34
2022-Q1,2022,1,Colusa,36,2
2022-Q1,2022,1,Contra Costa,1715,2476
2022-Q1,2022,1,Del Norte,32,2
2022-Q1,2022,1,El Dorado,173,234
2022-Q1,2022,1,Fresno,1311,619
2022-Q1,2022,1,Glenn,14,8
2022-Q1,2022,1,Humboldt,145,58
2022-Q1,2022,1,Imperial,35,57
2022-Q1,2022,1,Inyo,41,9
2022-Q1,2022,1,Kern,631,440
2022-Q1,2022,1,Kings,160,50
2022-Q1,2022,1,Lake,14,21
2022-Q1,2022,1,Lassen,13,0
2022-Q1,2022,1,Los Angeles,23903,18066
2022-Q1,2022,1,Madera,147,50
2022-Q1,2022,1,Marin,1037,814
2022-Q1,2022,1,Mariposa,35,4
2022-Q1,2022,1,Mendocino,158,37
2022-Q1,2022,1,Merced,139,115
2022-Q1,2022,1,Modoc,12,0
2022-Q1,2022,1,Mono,37,5
2022-Q1,2022,1,Monterey,383,373
2022-Q1,2022,1,Napa,393,230
2022-Q1,2022,1,Nevada,152,87
2022-Q1,2022,1,Orange,5003,9230
2022-Q1,2022,1,Placer,424,754
2022-Q1,2022,1,Plumas,7,8
2022-Q1,2022,1,Riverside,1441,3272
2022-Q1,2022,1,Sacramento,1765,1670
2022-Q1,2022,1,San Benito,47,98
2022-Q1,2022,1,San Bernardino,1424,2423
2022-Q1,2022,1,San Diego,6551,5734
2022-Q1,2022,1,San Francisco,1519,1671
2022-Q1,2022,1,San Joaquin,565,916
2022-Q1,2022,1,San Luis Obispo,638,310
2022-Q1,2022,1,San Mateo,4688,4092
2022-Q1,2022,1,Santa Barbara,480,470
2022-Q1,2022,1,Santa Clara,16831,6138
2022-Q1,2022,1,Santa Cruz,333,348
2022-Q1,2022,1,Shasta,90,88
2022-Q1,2022,1,Sierra,1,0
2022-Q1,2022,1,Siskiyou,68,7
2022-Q1,2022,1,Solano,501,475
2022-Q1,2022,1,Sonoma,765,637
2022-Q1,2022,1,Stanislaus,149,328
2022-Q1,2022,1,Sutter,24,53
2022-Q1,2022,1,Tehama,66,9
2022-Q1,2022,1,Trinity,14,4
2022-Q1,2022,1,Tulare,154,143
2022-Q1,2022,1,Tuolumne,52,24
2022-Q1,2022,1,Ventura,679,1577
2022-Q1,2022,1,Yolo,299,253
2022-Q1,2022,1,Yuba,41,42
2022-Q2,2022,2,Alameda,5139,4022
2022-Q2,2022,2,Alpine,16,1
2022-Q2,2022,2,Amador,33,18
2022-Q2,2022,2,Butte,158,91
2022-Q2,2022,2,Calaveras,23,40
2022-Q2,2022,2,Colusa,36,11
2022-Q2,2022,2,Contra Costa,1699,2493
2022-Q2,2022,2,Del Norte,32,4
2022-Q2,2022,2,El Dorado,193,315
2022-Q2,2022,2,Fresno,1321,759
2022-Q2,2022,2,Glenn,14,5
2022-Q2,2022,2,Humboldt,148,67
2022-Q2,2022,2,Imperial,43,61
2022-Q2,2022,2,Inyo,49,7
2022-Q2,2022,2,Kern,629,506
2022-Q2,2022,2,Kings,168,66
2022-Q2,2022,2,Lake,15,13
2022-Q2,2022,2,Lassen,16,5
2022-Q2,2022,2,Los Angeles,24615,20465
2022-Q2,2022,2,Madera,152,88
2022-Q2,2022,2,Marin,1052,844
2022-Q2,2022,2,Mariposa,45,8
2022-Q2,2022,2,Mendocino,162,51
2022-Q2,2022,2,Merced,134,146
2022-Q2,2022,2,Modoc,12,0
2022-Q2,2022,2,Mono,37,13
2022-Q2,2022,2,Monterey,400,364
2022-Q2,2022,2,Napa,403,231
2022-Q2,2022,2,Nevada,152,102
2022-Q2,2022,2,Orange,5189,8684
2022-Q2,2022,2,Placer,448,831
2022-Q2,2022,2,Plumas,8,5
2022-Q2,2022,2,Riverside,1493,3282
2022-Q2,2022,2,Sacramento,1839,1869
2022-Q2,2022,2,San Benito,47,99
2022-Q2,2022,2,San Bernardino,1560,2538
2022-Q2,2022,2,San Diego,7074,6275
2022-Q2,2022,2,San Francisco,1575,1695
2022-Q2,2022,2,San Joaquin,596,925
2022-Q2,2022,2,San Luis Obispo,640,382
2022-Q2,2022,2,San Mateo,4799,2911
2022-Q2,2022,2,Santa Barbara,515,470
2022-Q2,2022,2,Santa Clara,16981,6201
2022-Q2,2022,2,Santa Cruz,356,349
2022-Q2,2022,2,Shasta,105,94
2022-Q2,2022,2,Sierra,1,2
2022-Q2,2022,2,Siskiyou,68,15
2022-Q2,2022,2,Solano,509,545
2022-Q2,2022,2,Sonoma,840,626
2022-Q2,2022,2,Stanislaus,158,366
2022-Q2,2022,2,Sutter,24,76
2022-Q2,2022,2,Tehama,80,16
2022-Q2,2022,2,Trinity,14,2
2022-Q2,2022,2,Tulare,160,188
2022-Q2,2022,2,Tuolumne,52,31
2022-Q2,2022,2,Ventura,821,1659
2022-Q2,2022,2,Yolo,428,267
2022-Q2,2022,2,Yuba,60,39
2022-Q3,2022,3,Alameda,4282,4247
2022-Q3,2022,3,Alpine,16,2
2022-Q3,2022,3,Amador,33,30
2022-Q3,2022,3,Butte,139,104
2022-Q3,2022,3,Calaveras,23,26
2022-Q3,2022,3,Colusa,34,6
2022-Q3,2022,3,Contra Costa,1495,2702
2022-Q3,2022,3,Del Norte,39,1
2022-Q3,2022,3,El Dorado,194,282
2022-Q3,2022,3,Fresno,1158,719
2022-Q3,2022,3,Glenn,14,10
2022-Q3,2022,3,Humboldt,150,82
2022-Q3,2022,3,Imperial,45,79
2022-Q3,2022,3,Inyo,49,14
2022-Q3,2022,3,Kern,646,557
2022-Q3,2022,3,Kings,176,58
2022-Q3,2022,3,Lake,15,28
2022-Q3,2022,3,Lassen,16,3
2022-Q3,2022,3,Los Angeles,25685,20265
2022-Q3,2022,3,Madera,161,70
2022-Q3,2022,3,Marin,933,827
2022-Q3,2022,3,Mariposa,33,6
2022-Q3,2022,3,Mendocino,200,45
2022-Q3,2022,3,Merced,177,125
2022-Q3,2022,3,Modoc,12,0
2022-Q3,2022,3,Mono,38,8
2022-Q3,2022,3,Monterey,394,376
2022-Q3,2022,3,Napa,391,224
2022-Q3,2022,3,Nevada,161,104
2022-Q3,2022,3,Orange,5214,9383
2022-Q3,2022,3,Placer,425,853
2022-Q3,2022,3,Plumas,7,3
2022-Q3,2022,3,Riverside,1508,3550
2022-Q3,2022,3,Sacramento,1756,1912
2022-Q3,2022,3,San Benito,43,113
2022-Q3,2022,3,San Bernardino,1615,2856
2022-Q3,2022,3,San Diego,7358,6880
2022-Q3,2022,3,San Francisco,1436,1610
2022-Q3,2022,3,San Joaquin,612,986
2022-Q3,2022,3,San Luis Obispo,616,363
2022-Q3,2022,3,San Mateo,4436,3765
2022-Q3,2022,3,Santa Barbara,504,557
2022-Q3,2022,3,Santa Clara,16227,6913
2022-Q3,2022,3,Santa Cruz,345,360
2022-Q3,2022,3,Shasta,138,98
2022-Q3,2022,3,Sierra,1,2
2022-Q3,2022,3,Siskiyou,67,17
2022-Q3,2022,3,Solano,473,596
2022-Q3,2022,3,Sonoma,794,715
2022-Q3,2022,3,Stanislaus,171,355
2022-Q3,2022,3,Sutter,27,67
2022-Q3,2022,3,Tehama,91,16
2022-Q3,2022,3,Trinity,14,1
2022-Q3,2022,3,Tulare,212,186
2022-Q3,2022,3,Tuolumne,60,31
2022-Q3,2022,3,Ventura,810,1678
2022-Q3,2022,3,Yolo,398,277
2022-Q3,2022,3,Yuba,59,47
2022-Q4,2022,4,Alameda,4430,5386
2022-Q4,2022,4,Alpine,6,3
2022-Q4,2022,4,Amador,34,18
2022-Q4,2022,4,Butte,146,121
2022-Q4,2022,4,Calaveras,25,26
2022-Q4,2022,4,Colusa,34,9
2022-Q4,2022,4,Contra Costa,1503,3468
2022-Q4,2022,4,Del Norte,39,4
2022-Q4,2022,4,El Dorado,189,351
2022-Q4,2022,4,Fresno,1291,800
2022-Q4,2022,4,Glenn,14,7
2022-Q4,2022,4,Humboldt,154,92
2022-Q4,2022,4,Imperial,49,68
2022-Q4,2022,4,Inyo,48,17
2022-Q4,2022,4,Kern,691,595
2022-Q4,2022,4,Kings,410,58
2022-Q4,2022,4,Lake,14,27
2022-Q4,2022,4,Lassen,16,5
2022-Q4,2022,4,Los Angeles,27015,25456
2022-Q4,2022,4,Madera,190,97
2022-Q4,2022,4,Marin,1027,1073
2022-Q4,2022,4,Mariposa,46,15
2022-Q4,2022,4,Mendocino,186,63
2022-Q4,2022,4,Merced,135,143
2022-Q4,2022,4,Modoc,12,1
2022-Q4,2022,4,Mono,38,17
2022-Q4,2022,4,Monterey,424,462
2022-Q4,2022,4,Napa,396,398
2022-Q4,2022,4,Nevada,169,139
2022-Q4,2022,4,Orange,5383,11321
2022-Q4,2022,4,Placer,455,1039
2022-Q4,2022,4,Plumas,7,6
2022-Q4,2022,4,Riverside,1635,3816
2022-Q4,2022,4,Sacramento,2040,2849
2022-Q4,2022,4,San Benito,45,105
2022-Q4,2022,4,San Bernardino,1682,3250
2022-Q4,2022,4,San Diego,7735,7788
2022-Q4,2022,4,San Francisco,1952,2134
2022-Q4,2022,4,San Joaquin,632,1260
2022-Q4,2022,4,San Luis Obispo,650,475
2022-Q4,2022,4,San Mateo,4557,3719
2022-Q4,2022,4,Santa Barbara,512,670
2022-Q4,2022,4,Santa Clara,17621,8119
2022-Q4,2022,4,Santa Cruz,359,475
2022-Q4,2022,4,Shasta,153,111
2022-Q4,2022,4,Sierra,1,0
2022-Q4,2022,4,Siskiyou,67,20
2022-Q4,2022,4,Solano,482,648
2022-Q4,2022,4,Sonoma,816,954
2022-Q4,2022,4,Stanislaus,188,397
2022-Q4,2022,4,Sutter,22,84
2022-Q4,2022,4,Tehama,87,27
2022-Q4,2022,4,Trinity,14,2
2022-Q4,2022,4,Tulare,231,198
2022-Q4,2022,4,Tuolumne,58,34
2022-Q4,2022,4,Ventura,858,1842
2022-Q4,2022,4,Yolo,412,352
2022-Q4,2022,4,Yuba,75,55
2023-Q2,2023,2,Alameda,4504,6562
2023-Q2,2023,2,Alpine,10,0
2023-Q2,2023,2,Amador,34,31
2023-Q2,2023,2,Butte,147,151
2023-Q2,2023,2,Calaveras,21,37
2023-Q2,2023,2,Colusa,36,8
2023-Q2,2023,2,Contra Costa,1674,4231
2023-Q2,2023,2,Del Norte,47,11
2023-Q2,2023,2,El Dorado,202,399
2023-Q2,2023,2,Fresno,1373,1081
2023-Q2,2023,2,Glenn,14,8
2023-Q2,2023,2,Humboldt,157,96
2023-Q2,2023,2,Imperial,50,103
2023-Q2,2023,2,Inyo,52,12
2023-Q2,2023,2,Kern,721,763
2023-Q2,2023,2,Kings,410,90
2023-Q2,2023,2,Lake,14,40
2023-Q2,2023,2,Lassen,16,6
2023-Q2,2023,2,Los Angeles,29051,33128
2023-Q2,2023,2,Madera,203,122
2023-Q2,2023,2,Marin,1048,1157
2023-Q2,2023,2,Mariposa,60,8
2023-Q2,2023,2,Mendocino,203,77
2023-Q2,2023,2,Merced,124,217
2023-Q2,2023,2,Modoc,12,0
2023-Q2,2023,2,Mono,38,16
2023-Q2,2023,2,Monterey,487,525
2023-Q2,2023,2,Napa,433,332
2023-Q2,2023,2,Nevada,144,131
2023-Q2,2023,2,Orange,5797,15483
2023-Q2,2023,2,Placer,518,1249
2023-Q2,2023,2,Plumas,7,7
2023-Q2,2023,2,Riverside,1745,5684
2023-Q2,2023,2,Sacramento,2149,3532
2023-Q2,2023,2,San Benito,28,131
2023-Q2,2023,2,San Bernardino,1767,4709
2023-Q2,2023,2,San Diego,7960,10723
2023-Q2,2023,2,San Francisco,2002,3146
2023-Q2,2023,2,San Joaquin,680,1926
2023-Q2,2023,2,San Luis Obispo,694,504
2023-Q2,2023,2,San Mateo,4619,3921
2023-Q2,2023,2,Santa Barbara,566,747
2023-Q2,2023,2,Santa Clara,17865,10190
2023-Q2,2023,2,Santa Cruz,356,495
2023-Q2,2023,2,Shasta,174,107
2023-Q2,2023,2,Sierra,2,1
2023-Q2,2023,2,Siskiyou,68,19
2023-Q2,2023,2,Solano,560,980
2023-Q2,2023,2,Sonoma,845,1080
2023-Q2,2023,2,Stanislaus,178,531
2023-Q2,2023,2,Sutter,24,81
2023-Q2,2023,2,Tehama,91,28
2023-Q2,2023,2,Trinity,14,3
2023-Q2,2023,2,Tulare,279,258
2023-Q2,2023,2,Tuolumne,54,39
2023-Q2,2023,2,Ventura,870,2610
2023-Q2,2023,2,Yolo,427,471
2023-Q2,2023,2,Yuba,79,57
2023-Q3,2023,3,Alameda,4624,6627
2023-Q3,2023,3,Alpine,10,2
2023-Q3,2023,3,Amador,34,23
2023-Q3,2023,3,Butte,149,146
2023-Q3,2023,3,Calaveras,23,45
2023-Q3,2023,3,Colusa,36,11
2023-Q3,2023,3,Contra Costa,1734,3904
2023-Q3,2023,3,Del Norte,47,8
2023-Q3,2023,3,El Dorado,214,378
2023-Q3,2023,3,Fresno,1313,1173
2023-Q3,2023,3,Glenn,14,12
2023-Q3,2023,3,Humboldt,157,87
2023-Q3,2023,3,Imperial,50,130
2023-Q3,2023,3,Inyo,54,19
2023-Q3,2023,3,Kern,797,811
2023-Q3,2023,3,Kings,419,86
2023-Q3,2023,3,Lake,17,37
2023-Q3,2023,3,Lassen,16,3
2023-Q3,2023,3,Los Angeles,29433,33508
2023-Q3,2023,3,Madera,202,155
2023-Q3,2023,3,Marin,1082,1101
2023-Q3,2023,3,Mariposa,59,15
2023-Q3,2023,3,Mendocino,214,76
2023-Q3,2023,3,Merced,155,218
2023-Q3,2023,3,Modoc,12,0
2023-Q3,2023,3,Mono,38,10
2023-Q3,2023,3,Monterey,480,587
2023-Q3,2023,3,Napa,442,306
2023-Q3,2023,3,Nevada,144,145
2023-Q3,2023,3,Orange,6002,14370
2023-Q3,2023,3,Placer,522,1292
2023-Q3,2023,3,Plumas,7,11
2023-Q3,2023,3,Riverside,1835,5451
2023-Q3,2023,3,Sacramento,2205,3357
2023-Q3,2023,3,San Benito,29,117
2023-Q3,2023,3,San Bernardino,1841,4388
2023-Q3,2023,3,San Diego,8094,9900
2023-Q3,2023,3,San Francisco,2070,2872
2023-Q3,2023,3,San Joaquin,728,1697
2023-Q3,2023,3,San Luis Obispo,705,533
2023-Q3,2023,3,San Mateo,4798,4823
2023-Q3,2023,3,Santa Barbara,526,815
2023-Q3,2023,3,Santa Clara,18193,10287
2023-Q3,2023,3,Santa Cruz,369,570
2023-Q3,2023,3,Shasta,179,136
2023-Q3,2023,3,Sierra,2,1
2023-Q3,2023,3,Siskiyou,69,15
2023-Q3,2023,3,Solano,578,885
2023-Q3,2023,3,Sonoma,871,1014
2023-Q3,2023,3,Stanislaus,202,619
2023-Q3,2023,3,Sutter,31,87
2023-Q3,2023,3,Tehama,91,41
2023-Q3,2023,3,Trinity,12,6
2023-Q3,2023,3,Tulare,275,310
2023-Q3,2023,3,Tuolumne,54,38
2023-Q3,2023,3,Ventura,875,2393
2023-Q3,2023,3,Yolo,432,468
2023-Q3,2023,3,Yuba,80,72
2023-Q4,2023,4,Alameda,5893,5145
2023-Q4,2023,4,Alpine,12,0
2023-Q4,2023,4,Amador,34,23
2023-Q4,2023,4,Butte,157,140
2023-Q4,2023,4,Calaveras,23,38
2023-Q4,2023,4,Colusa,37,5
2023-Q4,2023,4,Contra Costa,1632,3483
2023-Q4,2023,4,Del Norte,46,6
2023-Q4,2023,4,El Dorado,258,375
2023-Q4,2023,4,Fresno,1292,925
2023-Q4,2023,4,Glenn,8,10
2023-Q4,2023,4,Humboldt,157,80
2023-Q4,2023,4,Imperial,52,102
2023-Q4,2023,4,Inyo,83,9
2023-Q4,2023,4,Kern,832,709
2023-Q4,2023,4,Kings,431,80
2023-Q4,2023,4,Lake,18,39
2023-Q4,2023,4,Lassen,16,7
2023-Q4,2023,4,Los Angeles,31569,29526
2023-Q4,2023,4,Madera,203,90
2023-Q4,2023,4,Marin,1020,1112
2023-Q4,2023,4,Mariposa,62,9
2023-Q4,2023,4,Mendocino,229,70
2023-Q4,2023,4,Merced,182,163
2023-Q4,2023,4,Modoc,12,2
2023-Q4,2023,4,Mono,52,15
2023-Q4,2023,4,Monterey,491,494
2023-Q4,2023,4,Napa,478,408
2023-Q4,2023,4,Nevada,149,135
2023-Q4,2023,4,Orange,6771,12379
2023-Q4,2023,4,Placer,622,1100
2023-Q4,2023,4,Plumas,7,10
2023-Q4,2023,4,Riverside,1835,5040
2023-Q4,2023,4,Sacramento,2253,2717
2023-Q4,2023,4,San Benito,27,115
2023-Q4,2023,4,San Bernardino,1957,3883
2023-Q4,2023,4,San Diego,8583,8840
2023-Q4,2023,4,San Francisco,2431,2048
2023-Q4,2023,4,San Joaquin,825,1318
2023-Q4,2023,4,San Luis Obispo,777,556
2023-Q4,2023,4,San Mateo,5533,3037
2023-Q4,2023,4,Santa Barbara,648,780
2023-Q4,2023,4,Santa Clara,20220,8348
2023-Q4,2023,4,Santa Cruz,359,496
2023-Q4,2023,4,Shasta,227,121
2023-Q4,2023,4,Sierra,2,1
2023-Q4,2023,4,Siskiyou,77,16
2023-Q4,2023,4,Solano,608,845
2023-Q4,2023,4,Sonoma,902,1035
2023-Q4,2023,4,Stanislaus,249,495
2023-Q4,2023,4,Sutter,35,74
2023-Q4,2023,4,Tehama,94,24
2023-Q4,2023,4,Trinity,15,2
2023-Q4,2023,4,Tulare,291,240
2023-Q4,2023,4,Tuolumne,55,52
2023-Q4,2023,4,Ventura,930,2266
2023-Q4,2023,4,Yolo,468,373
2023-Q4,2023,4,Yuba,69,69
2024-Q3,2024,3,Alameda,6478,5510
2024-Q3,2024,3,Alpine,12,1
2024-Q3,2024,3,Amador,72,37
2024-Q3,2024,3,Butte,259,122
2024-Q3,2024,3,Calaveras,41,53
2024-Q3,2024,3,Colusa,53,9
2024-Q3,2024,3,Contra Costa,2384,3750
2024-Q3,2024,3,Del Norte,83,15
2024-Q3,2024,3,El Dorado,326,409
2024-Q3,2024,3,Fresno,1879,1019
2024-Q3,2024,3,Glenn,33,9
2024-Q3,2024,3,Humboldt,275,101
2024-Q3,2024,3,Imperial,108,198
2024-Q3,2024,3,Inyo,110,13
2024-Q3,2024,3,Kern,1282,872
2024-Q3,2024,3,Kings,298,90
2024-Q3,2024,3,Lake,50,32
2024-Q3,2024,3,Lassen,19,3
2024-Q3,2024,3,Los Angeles,60698,33169
2024-Q3,2024,3,Madera,317,138
2024-Q3,2024,3,Marin,1290,1234
2024-Q3,2024,3,Mariposa,145,7
2024-Q3,2024,3,Mendocino,329,73
2024-Q3,2024,3,Merced,322,215
2024-Q3,2024,3,Modoc,12,1
2024-Q3,2024,3,Mono,81,11
2024-Q3,2024,3,Monterey,769,525
2024-Q3,2024,3,Napa,775,407
2024-Q3,2024,3,Nevada,184,123
2024-Q3,2024,3,Orange,8522,14097
2024-Q3,2024,3,Placer,1072,1336
2024-Q3,2024,3,Plumas,16,13
2024-Q3,2024,3,Riverside,3206,5987
2024-Q3,2024,3,Sacramento,3984,3689
2024-Q3,2024,3,San Benito,65,125
2024-Q3,2024,3,San Bernardino,2911,4573
2024-Q3,2024,3,San Diego,10982,9968
2024-Q3,2024,3,San Francisco,2853,2371
2024-Q3,2024,3,San Joaquin,1173,1454
2024-Q3,2024,3,San Luis Obispo,1063,496
2024-Q3,2024,3,San Mateo,6994,3210
2024-Q3,2024,3,Santa Barbara,1105,825
2024-Q3,2024,3,Santa Clara,23365,10579
2024-Q3,2024,3,Santa Cruz,542,475
2024-Q3,2024,3,Shasta,392,127
2024-Q3,2024,3,Sierra,3,3
2024-Q3,2024,3,Siskiyou,114,18
2024-Q3,2024,3,Solano,970,878
2024-Q3,2024,3,Sonoma,1376,1001
2024-Q3,2024,3,Stanislaus,379,605
2024-Q3,2024,3,Sutter,47,82
2024-Q3,2024,3,Tehama,156,27
2024-Q3,2024,3,Trinity,19,3
2024-Q3,2024,3,Tulare,488,322
2024-Q3,2024,3,Tuolumne,100,37
2024-Q3,2024,3,Ventura,1531,2734
2024-Q3,2024,3,Yolo,810,420
2024-Q3,2024,3,Yuba,112,84
2025-Q1,2025,1,Alameda,7738,5542
2025-Q1,2025,1,Alpine,22,0
2025-Q1,2025,1,Amador,67,31
2025-Q1,2025,1,Butte,315,120
2025-Q1,2025,1,Calaveras,48,38
2025-Q1,2025,1,Colusa,47,13
2025-Q1,2025,1,Contra Costa,2570,3332
2025-Q1,2025,1,Del Norte,61,6
2025-Q1,2025,1,El Dorado,348,387
2025-Q1,2025,1,Fresno,1922,890
2025-Q1,2025,1,Glenn,36,10
2025-Q1,2025,1,Humboldt,319,80
2025-Q1,2025,1,Imperial,155,194
2025-Q1,2025,1,Inyo,139,15
2025-Q1,2025,1,Kern,1450,806
2025-Q1,2025,1,Kings,492,89
2025-Q1,2025,1,Lake,107,31
2025-Q1,2025,1,Lassen,23,5
2025-Q1,2025,1,Los Angeles,72994,29255
2025-Q1,2025,1,Madera,276,111
2025-Q1,2025,1,Marin,1372,1320
2025-Q1,2025,1,Mariposa,141,8
2025-Q1,2025,1,Mendocino,339,59
2025-Q1,2025,1,Merced,280,163
2025-Q1,2025,1,Modoc,15,2
2025-Q1,2025,1,Mono,92,11
2025-Q1,2025,1,Monterey,787,511
2025-Q1,2025,1,Napa,765,337
2025-Q1,2025,1,Nevada,206,131
2025-Q1,2025,1,Orange,9982,12554
2025-Q1,2025,1,Placer,855,1181
2025-Q1,2025,1,Plumas,32,9
2025-Q1,2025,1,Riverside,3018,4994
2025-Q1,2025,1,Sacramento,3704,2905
2025-Q1,2025,1,San Benito,61,116
2025-Q1,2025,1,San Bernardino,3227,3830
2025-Q1,2025,1,San Diego,11595,8884
2025-Q1,2025,1,San Francisco,3480,2183
2025-Q1,2025,1,San Joaquin,1164,1163
2025-Q1,2025,1,San Luis Obispo,1202,430
2025-Q1,2025,1,San Mateo,7747,3317
2025-Q1,2025,1,Santa Barbara,1316,698
2025-Q1,2025,1,Santa Clara,29361,8613
2025-Q1,2025,1,Santa Cruz,519,458
2025-Q1,2025,1,Shasta,326,114
2025-Q1,2025,1,Sierra,4,3
2025-Q1,2025,1,Siskiyou,149,19
2025-Q1,2025,1,Solano,926,699
2025-Q1,2025,1,Sonoma,1561,927
2025-Q1,2025,1,Stanislaus,430,536
2025-Q1,2025,1,Sutter,57,73
2025-Q1,2025,1,Tehama,189,25
2025-Q1,2025,1,Trinity,22,2
2025-Q1,2025,1,Tulare,389,243
2025-Q1,2025,1,Tuolumne,101,38
2025-Q1,2025,1,Ventura,1282,2060
2025-Q1,2025,1,Yolo,770,376
2025-Q1,2025,1,Yuba,95,63
2025-Q3,2025,3,Alameda,8089,6954
2025-Q3,2025,3,Alpine,22,2
2025-Q3,2025,3,Amador,67,33
2025-Q3,2025,3,Butte,335,138
2025-Q3,2025,3,Calaveras,48,50
2025-Q3,2025,3,Colusa,50,13
2025-Q3,2025,3,Contra Costa,2667,4143
2025-Q3,2025,3,Del Norte,56,6
2025-Q3,2025,3,El Dorado,346,435
2025-Q3,2025,3,Fresno,2040,1189
2025-Q3,2025,3,Glenn,35,13
2025-Q3,2025,3,Humboldt,328,71
2025-Q3,2025,3,Imperial,207,228
2025-Q3,2025,3,Inyo,147,8
2025-Q3,2025,3,Kern,1631,1015
2025-Q3,2025,3,Kings,501,112
2025-Q3,2025,3,Lake,106,46
2025-Q3,2025,3,Lassen,22,10
2025-Q3,2025,3,Los Angeles,85144,36259
2025-Q3,2025,3,Madera,289,194
2025-Q3,2025,3,Marin,1398,1382
2025-Q3,2025,3,Mariposa,144,13
2025-Q3,2025,3,Mendocino,363,84
2025-Q3,2025,3,Merced,289,204
2025-Q3,2025,3,Modoc,14,0
2025-Q3,2025,3,Mono,106,17
2025-Q3,2025,3,Monterey,792,558
2025-Q3,2025,3,Napa,863,332
2025-Q3,2025,3,Nevada,204,160
2025-Q3,2025,3,Orange,10374,16210
2025-Q3,2025,3,Placer,907,1573
2025-Q3,2025,3,Plumas,36,10
2025-Q3,2025,3,Riverside,3274,6311
2025-Q3,2025,3,Sacramento,3969,3788
2025-Q3,2025,3,San Benito,73,116
2025-Q3,2025,3,San Bernardino,3400,4770
2025-Q3,2025,3,San Diego,12153,11017
2025-Q3,2025,3,San Francisco,3767,2629
2025-Q3,2025,3,San Joaquin,1245,1495
2025-Q3,2025,3,San Luis Obispo,1313,609
2025-Q3,2025,3,San Mateo,8160,3864
2025-Q3,2025,3,Santa Barbara,1335,866
2025-Q3,2025,3,Santa Clara,33687,11167
2025-Q3,2025,3,Santa Cruz,577,525
2025-Q3,2025,3,Shasta,353,169
2025-Q3,2025,3,Sierra,4,3
2025-Q3,2025,3,Siskiyou,148,24
2025-Q3,2025,3,Solano,979,996
2025-Q3,2025,3,Sonoma,1616,1147
2025-Q3,2025,3,Stanislaus,475,656
2025-Q3,2025,3,Sutter,57,116
2025-Q3,2025,3,Tehama,197,29
2025-Q3,2025,3,Trinity,21,6
2025-Q3,2025,3,Tulare,457,383
2025-Q3,2025,3,Tuolumne,98,45
2025-Q3,2025,3,Ventura,1597,2722
2025-Q3,2025,3,Yolo,913,446
2025-Q3,2025,3,Yuba,84,81
